subject,robot,target_id,moves
53226,white,17648,"['4,1', '4,4', '3,1', '3,4', '5,4', '2,4']"
53226,white,2290,"['1,3', '6,6', '2,4']"
53226,white,10934,"['1,1', '6,5', '1,5', '3,3', '1,0', '0,6', '0,5', '2,2']"
53226,white,1710,"['3,1', '3,5', '4,1', '0,1', '3,4', '1,3', '3,0']"
53226,white,10950,"['0,0', '0,1', '6,5', '0,5', '1,2', '6,2']"
53226,white,8232,"['2,1', '2,2', '1,0', '1,1', '3,5', '5,5', '3,2', '3,0', '3,6']"
53226,white,5663,"['4,4', '0,0', '1,1', '4,5', '0,1', '4,1']"
53226,white,13565,"['2,1', '3,2', '3,3', '1,1', '5,1']"
53226,white,7246,"['0,2', '1,2', '4,2', '3,6', '1,1', '0,1', '0,6', '0,5', '0,5', '0,5', '3,2']"
53226,white,14000,"['2,1', '2,2', '6,1', '3,2', '3,0', '3,5', '2,5', '2,4', '3,4']"
53226,blue,5663,"['4,4', '0,0']"
53226,blue,7246,"['0,2', '3,5', '2,5', '2,4', '4,5', '3,1']"
53226,blue,13565,"['2,1', '3,2', '3,4']"
53226,blue,10934,"['1,1', '6,5', '2,2']"
53226,blue,8232,"['2,1', '2,4', '3,3', '3,5']"
53226,blue,10950,"['0,0', '6,4', '1,1']"
53226,blue,17648,"['2,1', '3,1', '2,1', '4,1', '4,2', '4,4']"
53226,blue,14000,"['2,1', '2,2', '3,2', '6,4']"
53226,blue,1710,"['0,1', '3,4', '1,2']"
53226,blue,2290,"['1,3', '2,4', '6,6']"
62614,white,13565,"['2,6', '1,3', '3,0', '5,3', '2,1', '4,5', '1,1', '5,5']"
62614,white,10950,"['0,0', '0,4', '6,4', '3,4', '3,0', '3,5', '3,2', '5,3']"
62614,white,1710,"['0,1', '3,4', '0,4', '3,1', '0,6', '0,6', '1,5', '4,2', '1,0', '2,3']"
62614,white,10934,"['4,3', '3,3', '6,5', '6,1', '1,1', '1,5', '0,0', '0,0', '0,3', '3,0', '3,6', '3,4']"
62614,white,7246,"['0,2', '0,2', '1,2', '3,5', '0,2', '0,5', '1,6', '1,1', '4,3', '2,2', '2,4']"
62614,white,8232,"['2,1', '4,5', '2,2', '5,1', '1,5', '6,6', '3,4', '3,6', '3,0']"
62614,white,5663,"['0,2', '4,2', '2,4', '1,2', '4,6', '2,0', '4,3', '0,0', '1,0']"
62614,white,17648,"['3,1', '5,4', '4,1', '4,3', '3,5', '3,5', '3,4', '4,5', '2,3']"
62614,white,14000,"['2,1', '6,1', '2,4', '1,2', '3,2', '6,4', '5,1', '1,1']"
62614,white,2290,"['0,4', '1,3', '6,6', '6,3', '4,3', '3,4', '3,5']"
62614,blue,17648,"['3,1', '5,4', '4,1', '4,2']"
62614,blue,5663,"['0,0', '0,4', '2,4', '4,4', '3,2', '4,3', '3,0']"
62614,blue,2290,"['1,3', '6,6', '6,3', '4,3', '1,6', '4,4', '4,5']"
62614,blue,8232,"['2,1', '4,5', '3,3']"
62614,blue,1710,"['0,1', '3,4', '2,2']"
62614,blue,10950,"['0,0', '6,4', '5,3']"
62614,blue,14000,"['2,1', '3,4', '6,1', '2,4', '6,4', '4,3', '3,2']"
62614,blue,13565,"['2,1', '2,1', '2,1', '4,5', '3,3']"
62614,blue,7246,"['0,2', '3,5', '2,4', '2,4', '2,4', '2,4', '2,4']"
62614,blue,10934,"['1,1', '6,5', '5,3']"
116241,white,8232,"['2,1', '4,5', '4,5', '4,4', '4,5', '2,5', '4,1', '5,1', '1,1', '3,6', '3,4']"
116241,white,17648,"['2,1', '4,5', '3,1', '5,1', '4,0', '6,2', '4,2']"
116241,white,1710,"['0,0', '0,5', '4,1', '0,1', '3,4', '3,1', '2,2']"
116241,white,13565,"['2,1', '4,5', '3,2', '4,2', '1,2']"
116241,white,10934,"['3,3', '3,6', '3,0', '0,3', '1,1']"
116241,white,14000,"['3,2', '3,0', '1,3', '3,5', '3,5', '3,5', '2,1', '6,4', '6,4', '6,4', '6,4', '6,4', '2,4', '1,3', '1,4', '6,1', '6,1', '5,5', '4,6']"
116241,white,10950,"['0,5', '5,4', '0,1', '1,1', '1,1', '1,1', '5,3']"
116241,white,7246,"['0,1', '4,3', '1,2', '3,2', '0,2', '0,6', '0,6', '0,6', '0,6', '0,2', '0,5', '0,6', '2,5', '2,5', '2,4']"
116241,white,2290,"['0,3', '4,2', '1,3', '6,3', '6,3', '6,3', '2,4', '5,5', '5,5', '1,6']"
116241,white,5663,"['0,0', '4,4', '1,1', '1,1', '1,1', '0,4', '4,0', '4,0', '4,3']"
116241,blue,14000,"['2,1', '3,3', '6,1', '6,1', '5,1', '2,4', '6,4']"
116241,blue,1710,"['0,1', '0,1', '0,1', '0,4', '2,3', '3,1']"
116241,blue,10950,"['0,0', '6,4', '6,1', '1,2']"
116241,blue,5663,"['0,0', '0,4', '3,3', '4,4']"
116241,blue,7246,"['0,2', '3,5', '1,5', '2,3']"
116241,blue,13565,"['2,1', '3,2', '2,5']"
116241,blue,2290,"['1,3', '6,6', '2,4', '2,4', '2,4', '5,5', '5,5', '0,3']"
116241,blue,10934,"['1,1', '6,5', '3,3', '4,3', '2,4']"
116241,blue,17648,"['3,2', '3,2', '4,2', '4,1', '3,1', '3,4', '5,4', '5,1', '4,4', '2,2', '2,2', '2,2']"
116241,blue,8232,"['2,1', '4,5', '3,3']"
141115,white,8232,"['2,1', '4,1', '1,1', '5,4', '3,5']"
141115,white,1710,"['0,1', '3,4', '2,0', '2,4', '3,5', '0,4', '2,2', '4,2']"
141115,white,10934,"['3,3', '5,3', '2,3', '1,1', '6,5', '6,4', '4,3', '4,4', '4,2']"
141115,white,14000,"['2,1', '3,1', '5,2', '3,2', '6,4', '4,5', '4,6', '1,3', '0,3']"
141115,white,2290,"['6,3', '1,3', '1,6', '6,6', '1,2', '2,4']"
141115,white,10950,"['0,4', '6,4', '3,5', '2,2', '3,2']"
141115,white,7246,"['0,5', '3,5', '1,6', '4,4', '6,4', '1,2', '0,1', '2,4']"
141115,white,5663,"['0,4', '4,4', '3,3', '1,1', '2,5', '2,6', '5,4', '1,0', '0,3']"
141115,white,13565,"['4,5', '2,1', '3,3', '5,6', '1,0', '2,4', '2,6', '5,4']"
141115,white,17648,"['3,4', '5,1', '4,3', '4,5', '4,0', '2,2']"
141115,blue,10950,"['0,0', '1,1', '1,0', '0,3', '0,4', '6,4']"
141115,blue,14000,"['2,1', '6,1', '6,4']"
141115,blue,8232,"['4,5', '3,1', '2,1', '3,2', '2,5', '5,4']"
141115,blue,7246,"['0,2', '0,5', '3,5', '2,3']"
141115,blue,2290,"['1,3', '6,3', '2,4', '5,5']"
141115,blue,13565,"['2,1', '3,4']"
141115,blue,1710,"['0,1', '2,3', '3,4']"
141115,blue,5663,"['0,0', '0,0', '0,0', '4,0', '2,0', '3,0', '0,4', '3,1', '0,3']"
141115,blue,17648,"['3,1', '5,1', '4,2', '4,3']"
141115,blue,10934,"['1,1', '4,2', '4,4', '6,5', '3,3']"
141344,white,10950,"['0,0', '0,1', '6,4', '1,1', '1,0']"
141344,white,7246,"['0,2', '1,2', '3,5', '4,2', '0,1', '0,6', '1,3']"
141344,white,1710,"['0,1', '1,2', '4,1', '0,5', '0,4', '0,0']"
141344,white,14000,"['2,1', '2,4', '6,4', '6,1', '1,0', '2,0', '3,2', '1,1']"
141344,white,10934,"['1,1', '6,5', '0,1', '6,0', '6,6', '3,3']"
141344,white,2290,"['1,3', '2,4', '6,6', '0,3', '6,3', '6,2']"
141344,white,8232,"['2,1', '2,2', '4,5', '2,0', '1,1', '5,1', '4,6', '3,2']"
141344,white,13565,"['2,1', '3,2', '5,1', '1,1', '2,0', '2,5', '2,5', '2,4', '2,6', '4,5']"
141344,white,17648,"['3,1', '4,1', '4,2', '3,4', '5,4', '5,4', '2,4', '6,1', '4,5']"
141344,white,5663,"['4,4', '4,5', '5,4', '1,1', '0,0', '0,0', '0,1']"
141344,blue,17648,"['3,1', '4,1', '4,2', '4,4']"
141344,blue,10950,"['0,0', '6,1', '5,3']"
141344,blue,1710,"['0,1', '3,4', '2,3']"
141344,blue,8232,"['2,1', '3,5', '3,4']"
141344,blue,5663,"['0,0', '4,4', '3,4']"
141344,blue,13565,"['2,1', '3,2', '4,5']"
141344,blue,7246,"['0,2', '3,5', '2,4', '2,4', '2,3']"
141344,blue,14000,"['2,1', '6,4']"
141344,blue,2290,"['1,3', '2,4', '6,6']"
141344,blue,10934,"['1,1', '6,5', '3,3', '5,3']"
160858,white,10934,"['6,1', '6,5', '1,5', '6,0', '0,1', '1,1', '1,1', '1,1', '3,2', '3,4', '3,3']"
160858,white,10950,"['6,0', '6,0', '6,0', '6,5', '6,4', '5,4', '5,3', '1,3']"
160858,white,17648,"['6,0', '3,4', '2,5', '4,3']"
160858,white,8232,"['4,0', '1,1', '4,5', '4,4', '3,1', '5,3', '3,5']"
160858,white,13565,"['4,1', '2,5', '3,3', '5,5', '2,0', '2,2', '2,6']"
160858,white,2290,"['0,6', '1,2', '6,3', '1,6']"
160858,white,14000,"['6,0', '1,4', '2,0', '1,1', '6,4', '6,5', '5,3', '2,1', '3,1']"
160858,white,5663,"['4,4', '5,4', '4,5', '0,0', '3,3']"
160858,white,1710,"['3,0', '3,5', '4,1', '3,4', '0,1', '1,2', '1,3']"
160858,white,7246,"['3,6', '4,5', '4,2', '3,2', '3,1', '0,2', '0,5']"
160858,blue,17648,"['4,4', '4,2', '3,1']"
160858,blue,10950,"['6,4', '0,0', '0,1', '1,0', '1,2']"
160858,blue,13565,"['3,3', '3,1', '3,5']"
160858,blue,7246,"['3,2', '1,2', '2,5', '0,4']"
160858,blue,14000,"['2,1', '6,3', '4,4']"
160858,blue,2290,"['6,3', '1,6', '5,4']"
160858,blue,8232,"['4,5', '2,1', '3,3']"
160858,blue,1710,"['3,1', '0,4', '1,3']"
160858,blue,5663,"['4,4', '4,4', '4,4', '0,0', '1,0']"
160858,blue,10934,"['6,1', '5,2', '1,5']"
195327,white,13565,"['3,4', '2,1', '2,1', '2,1', '2,1', '2,1', '5,5', '5,0', '0,0', '1,4']"
195327,white,7246,"['0,5', '2,2', '1,3', '3,5', '2,6', '2,1', '4,3']"
195327,white,10950,"['3,5', '6,6', '0,1', '6,3', '3,1', '0,4']"
195327,white,17648,"['2,1', '6,2', '3,2', '5,2', '4,2', '4,1', '4,1', '4,1', '4,5']"
195327,white,8232,"['1,3', '2,3', '4,4', '5,1', '3,2', '3,2', '3,2', '2,1', '3,0', '2,6']"
195327,white,2290,"['0,6', '1,2', '3,4', '3,4', '3,4', '1,3', '6,4', '3,5']"
195327,white,14000,"['3,3', '5,2', '6,4', '2,1', '5,1', '3,5', '1,4', '0,3']"
195327,white,5663,"['4,4', '4,4', '4,4', '0,0', '4,0', '2,2', '1,1', '4,2', '0,3']"
195327,white,10934,"['2,3', '2,3', '3,3', '2,3', '6,5', '1,1', '3,2', '3,4', '5,3', '4,3']"
195327,white,1710,"['3,4', '3,4', '3,4', '0,1', '3,1', '2,2', '0,4', '0,5', '4,4', '0,0']"
195327,blue,17648,"['5,3', '4,2', '5,3', '5,4', '2,1', '3,1', '2,1']"
195327,blue,13565,"['2,1', '4,5', '3,3', '2,4']"
195327,blue,7246,"['0,2', '0,2', '0,2', '2,5', '3,2', '1,3', '1,3', '1,3', '1,3', '2,3', '3,5', '0,5', '3,4', '3,3', '4,3', '3,1']"
195327,blue,14000,"['4,2', '2,1', '2,2', '6,2', '3,4']"
195327,blue,10950,"['4,6', '0,1', '6,4', '6,3', '6,4', '3,2', '1,2', '1,2', '1,3', '6,0']"
195327,blue,2290,"['2,5', '0,6', '1,3', '6,6']"
195327,blue,1710,"['3,4', '0,1', '3,5', '2,2']"
195327,blue,8232,"['2,1', '2,1', '2,1', '4,4', '3,3', '3,3', '2,4', '4,4', '4,4', '4,4', '2,4', '4,4', '2,4', '4,5', '3,2', '3,6', '5,4']"
195327,blue,5663,"['2,2', '0,0', '4,4', '1,4']"
195327,blue,10934,"['3,3', '6,5', '1,1', '2,3']"
214635,white,17648,"['3,1', '4,2', '3,5', '2,1', '3,0', '3,4']"
214635,white,10950,"['0,0', '6,4', '5,3', '4,3']"
214635,white,7246,"['0,2', '3,5', '0,1', '4,5', '2,5', '3,6', '2,4']"
214635,white,5663,"['0,0', '4,4', '3,3', '4,3']"
214635,white,2290,"['1,3', '1,3', '1,3', '2,4', '5,5', '6,6', '6,3', '6,2']"
214635,white,10934,"['1,1', '3,3', '6,6', '6,5', '6,5', '6,5', '0,1', '1,2']"
214635,white,8232,"['2,1', '2,2', '1,0', '5,6', '5,0', '1,6', '4,5', '5,5', '1,1', '2,0', '2,6', '3,2']"
214635,white,13565,"['2,1', '3,2', '2,0', '5,1', '1,1', '2,6', '4,2', '4,5']"
214635,white,1710,"['0,1', '3,4', '3,1', '0,4', '0,0', '4,4', '3,5']"
214635,white,14000,"['2,1', '6,4', '2,4', '6,1', '1,0', '3,2', '6,5', '1,4', '2,0']"
214635,blue,7246,"['0,2', '1,2', '0,3', '3,2', '0,5']"
214635,blue,5663,"['0,0', '4,0', '4,4', '4,3', '3,4', '3,3', '5,5']"
214635,blue,2290,"['1,3', '2,4', '6,6']"
214635,blue,17648,"['3,1', '4,2', '4,3']"
214635,blue,13565,"['2,1', '4,5', '3,2']"
214635,blue,10934,"['1,1', '6,5', '4,3', '5,4']"
214635,blue,14000,"['2,1', '6,4']"
214635,blue,1710,"['0,1', '3,4', '2,3']"
214635,blue,8232,"['2,1', '3,2', '4,5', '2,2']"
214635,blue,10950,"['0,0', '1,1', '6,4']"
243637,blue,13565,"['2,1', '3,1', '3,2', '2,5', '4,5', '3,5', '2,2']"
243637,blue,5663,"['0,0', '4,4', '0,4', '4,0', '2,2', '2,2', '2,2', '6,0', '6,6', '0,6', '0,1', '0,2', '1,4', '3,4', '2,1', '1,1', '3,3', '1,3']"
243637,blue,8232,"['2,1', '4,1', '3,1', '2,5', '4,5', '3,5', '4,3', '2,3', '2,2', '4,2', '4,4', '2,4', '1,3', '3,0', '5,3', '3,6']"
243637,blue,17648,"['3,1', '5,1', '5,5', '3,4', '5,4', '5,5', '2,2', '4,0', '6,2', '4,5', '4,3']"
243637,blue,1710,"['0,1', '0,4', '3,4', '3,1', '4,3']"
243637,blue,10934,"['1,1', '1,5', '6,5', '6,1', '3,0', '0,3', '3,3', '4,3']"
243637,blue,14000,"['2,1', '6,1', '6,5', '2,5', '6,5', '2,5', '2,4', '6,4', '3,1', '3,1', '3,2', '3,3', '4,5', '3,1']"
243637,blue,10950,"['6,0', '6,4', '0,4', '0,0', '5,4', '0,3', '1,0', '6,1', '1,3', '1,1', '5,1', '5,3']"
243637,blue,2290,"['1,3', '6,6', '6,3', '1,6', '2,4', '5,5', '5,4', '2,5']"
243637,blue,7246,"['0,2', '0,5', '2,5', '2,2', '1,2', '1,5', '3,5', '3,2', '4,4', '1,1']"
261650,white,13565,"['3,2', '3,2', '3,2', '3,3', '3,4', '3,5', '4,5', '4,4', '2,5', '2,4', '2,3', '2,2', '2,1', '3,1', '4,1', '4,2', '4,3']"
264961,white,13565,"['2,1', '1,1', '3,1', '3,2']"
264961,white,7246,"['0,2', '1,2', '0,1', '0,5', '0,6']"
264961,white,10934,"['1,1', '1,5', '1,2', '0,1', '2,1', '4,3', '1,0']"
264961,white,17648,"['3,1', '4,1', '6,1', '2,1', '3,0', '3,5', '4,2']"
264961,white,10950,"['0,0', '0,4', '1,1', '1,2', '0,5', '4,0', '6,0']"
264961,white,14000,"['2,1', '3,1']"
264961,white,2290,"['1,3', '1,2', '2,4', '1,6', '0,6', '4,3']"
264961,white,8232,"['2,1', '2,0', '1,1', '5,1', '2,2', '3,1', '3,2']"
264961,white,5663,"['0,0', '1,0', '0,1', '0,4', '0,4', '0,5', '1,1']"
264961,white,1710,"['0,1', '0,4', '4,1', '0,5', '3,1', '0,0', '1,1', '1,2']"
264961,blue,2290,"['1,3', '2,4', '3,4', '1,2', '1,6', '5,4']"
264961,blue,17648,"['3,1', '3,4', '2,4', '4,2', '4,1']"
264961,blue,10950,"['0,0', '0,1', '0,3', '0,4', '1,1', '2,2', '3,2', '4,2', '5,2']"
264961,blue,13565,"['2,1', '2,5', '1,5', '3,2', '3,3']"
264961,blue,14000,"['2,1', '2,4', '3,3', '4,2']"
264961,blue,7246,"['0,2', '0,3', '0,1', '0,5', '1,3', '3,2']"
264961,blue,8232,"['2,1', '2,2', '1,1', '2,0', '2,5', '2,6', '5,1', '3,2']"
264961,blue,1710,"['0,1', '0,4', '0,5', '1,1', '1,2', '0,0', '4,1']"
264961,blue,5663,"['0,0', '0,1', '0,4', '1,0', '1,4', '1,1', '2,1']"
264961,blue,10934,"['1,1', '1,5', '1,2', '4,3', '3,3', '0,1', '2,2']"
312574,white,5663,"['0,0', '4,0', '4,4', '0,4', '1,1', '3,3', '6,6', '4,1']"
312574,white,14000,"['0,6', '6,0', '2,2', '3,1', '0,0', '2,1', '3,4', '6,5', '6,1', '4,2']"
312574,white,10950,"['0,4', '0,4', '0,5', '0,5', '0,5', '6,6', '6,5', '6,5', '6,4', '6,2', '5,2', '0,0', '0,1']"
312574,white,8232,"['0,0', '6,6', '2,1', '2,5', '2,2', '4,1', '4,5', '3,3']"
312574,white,7246,"['0,1', '0,6', '3,1', '3,2', '1,2', '0,2', '0,2', '0,2', '2,2', '4,3', '4,5', '2,3', '0,5']"
312574,white,10934,"['1,1', '1,5', '6,5', '6,1', '3,3', '4,3', '0,6', '6,0', '2,3', '5,3', '4,4']"
312574,white,2290,"['2,4', '5,4', '5,5', '2,5', '6,3', '6,6', '1,6', '1,3', '6,2', '1,2']"
312574,white,1710,"['0,0', '0,5', '4,4', '4,1', '0,1', '3,4', '2,3']"
312574,white,13565,"['3,2', '3,4', '4,1', '2,1', '2,6', '2,6', '2,5', '4,5', '0,3', '2,6', '3,5', '3,5', '3,5']"
312574,white,17648,"['3,1', '3,4', '5,4', '5,1', '4,1', '4,3', '4,2', '4,3', '4,1', '4,1', '2,1']"
312574,blue,13565,"['2,1', '4,1', '4,5', '3,3', '5,6', '1,3', '2,5', '2,5', '2,5', '2,3', '2,2', '4,4']"
312574,blue,7246,"['0,1', '0,6', '4,2', '4,5', '3,2', '1,2', '0,5', '2,5', '1,5', '1,3']"
312574,blue,10950,"['0,0', '0,2', '0,4', '0,5', '6,5', '0,5', '0,5', '0,5', '0,5', '6,5', '6,5', '6,4', '4,4', '2,0', '1,0', '5,4', '5,2', '3,2', '4,2', '5,3']"
312574,blue,5663,"['1,5', '1,1', '1,3', '3,3', '3,1', '4,4', '4,4', '4,4', '4,4', '4,4', '4,0', '0,0', '0,4']"
312574,blue,2290,"['1,3', '1,6', '6,6', '6,3', '5,5', '2,5']"
312574,blue,1710,"['0,1', '3,4', '0,4', '3,1', '4,0', '0,5', '4,2']"
312574,blue,14000,"['6,1', '4,1', '5,1', '6,4', '6,5', '5,3', '5,1', '5,1', '5,1', '5,1', '6,4', '6,4', '6,4', '6,4', '2,4']"
312574,blue,17648,"['4,1', '4,1', '4,1', '4,4', '4,3', '5,4']"
312574,blue,10934,"['4,3', '6,3', '2,3', '1,5', '1,1']"
312574,blue,8232,"['2,1', '3,2', '2,2', '3,5', '1,4', '3,0', '4,6', '5,5']"
353818,white,14000,"['2,4', '2,4', '2,3', '2,4', '6,6', '6,1', '3,3', '1,3', '6,0', '2,1', '3,1', '2,1', '3,4']"
353818,white,2290,"['1,4', '0,5', '2,3', '2,4', '5,4', '6,3', '6,6']"
353818,white,13565,"['0,2', '1,1', '2,1', '1,1', '3,2', '2,0', '1,1', '3,1', '5,1']"
353818,white,10934,"['1,1', '0,0', '6,0', '6,1', '3,3', '0,3', '1,6', '1,5', '1,5', '1,5']"
353818,white,17648,"['3,1', '4,1', '5,1', '6,0', '6,3', '0,3', '2,4', '3,4', '5,4', '5,5', '4,2', '4,2', '4,2']"
353818,white,8232,"['2,1', '4,1', '3,1', '3,3', '5,0', '1,4', '2,5', '2,6', '5,3']"
353818,white,10950,"['0,5', '0,6', '0,0', '0,1', '1,0', '1,1', '0,4', '6,0']"
353818,white,1710,"['0,1', '3,1', '4,1', '0,5', '0,0', '0,3', '0,2', '0,4', '1,2']"
353818,white,5663,"['0,0', '0,4', '4,4', '4,0', '1,1', '1,5', '0,1', '0,2', '0,5', '3,4', '5,2', '6,2']"
353818,white,7246,"['0,0', '0,2', '0,5', '0,6', '1,2', '1,3', '4,2', '3,2', '0,1']"
353818,blue,8232,"['0,0', '1,0', '5,0', '5,6', '2,1', '2,2', '2,1', '2,1', '2,1', '2,1', '2,5', '2,6', '3,1', '3,2', '4,1', '5,2']"
353818,blue,17648,"['3,1', '4,1', '3,4', '4,2']"
353818,blue,5663,"['0,0', '4,0', '4,4', '0,4', '1,1', '1,0']"
353818,blue,13565,"['0,0', '1,0', '5,0', '2,1', '2,1', '2,1', '2,5', '4,5', '3,2']"
353818,blue,14000,"['0,0', '1,0', '2,5', '2,1', '6,1', '2,4', '6,4']"
353818,blue,7246,"['0,0', '0,1', '4,0', '0,2', '3,2', '2,2', '3,2', '3,2', '1,2', '0,6', '0,5', '2,4']"
353818,blue,10950,"['0,5', '0,6', '0,0', '6,0', '6,4', '0,4', '0,1', '1,1', '1,2', '1,1']"
353818,blue,10934,"['0,0', '6,0', '0,6', '3,3', '1,1', '1,5', '5,5', '6,5', '3,2']"
353818,blue,1710,"['0,0', '4,0', '4,6', '0,5', '0,1', '4,4', '3,3', '3,4', '4,4', '1,3']"
353818,blue,2290,"['0,0', '1,2', '1,3', '6,3', '6,4', '2,4', '2,5']"
361840,white,1710,"['6,0', '0,2', '3,4', '3,2', '2,3', '0,4', '3,1', '1,4', '2,4', '0,1', '3,5', '3,0']"
361840,white,13565,"['3,2', '3,6', '3,0', '2,1', '2,5', '4,5', '4,1', '5,5', '1,5', '2,4']"
361840,white,10934,"['6,1', '1,1', '1,5', '6,5', '6,6', '6,0', '0,1', '3,3', '4,3', '2,2']"
361840,white,14000,"['2,1', '3,4', '3,5', '1,1', '3,0', '3,1', '5,1', '6,2', '3,2']"
361840,white,5663,"['0,5', '5,4', '3,5', '0,0', '0,4', '1,1', '3,1', '4,1']"
361840,white,8232,"['2,0', '1,1', '2,6', '5,1', '2,1', '2,5']"
361840,white,2290,"['1,2', '0,3', '6,2', '1,3', '6,6', '2,5']"
361840,white,17648,"['2,1', '6,1', '4,5', '4,1', '4,4', '3,1', '3,4', '4,3']"
361840,white,7246,"['4,2', '3,6', '3,1', '2,2', '0,2', '1,2', '1,5', '3,5', '1,4']"
361840,white,10950,"['0,5', '6,5', '0,0', '0,4', '6,4', '0,1', '1,1']"
361840,blue,17648,"['2,1', '5,5', '4,1', '3,1', '3,4', '4,2']"
361840,blue,2290,"['0,3', '6,2', '1,3', '6,3', '6,6', '2,4']"
361840,blue,7246,"['4,1', '4,6', '0,1', '0,2', '3,5', '3,5', '2,5', '3,2', '1,4']"
361840,blue,10934,"['1,1', '6,5', '3,2']"
361840,blue,14000,"['2,1', '6,4', '6,4', '6,3', '4,4']"
361840,blue,5663,"['0,0', '4,4', '0,1', '1,0', '1,1']"
361840,blue,10950,"['0,1', '6,3', '0,0', '0,0', '0,0', '6,4', '4,2', '3,1']"
361840,blue,13565,"['2,1', '4,5', '3,2']"
361840,blue,1710,"['0,1', '3,4', '2,2']"
361840,blue,8232,"['2,1', '4,5', '2,2', '4,4', '5,5', '3,5']"
420848,white,13565,"['2,1', '3,3', '2,5', '4,1', '2,3', '4,3', '4,5', '5,3', '3,6', '4,3', '4,2', '3,0']"
420848,white,10934,"['3,3', '4,3', '1,5', '6,1', '1,1', '6,5', '0,1', '3,0', '4,4']"
420848,white,7246,"['4,1', '4,6', '3,2', '1,2', '0,6', '0,6', '0,5', '2,5', '1,6', '4,3', '1,1', '4,5']"
420848,white,5663,"['2,2', '5,5', '0,5', '5,0', '4,0', '0,4', '1,1', '1,1', '0,0', '5,4', '5,4', '4,3', '1,4']"
420848,white,2290,"['0,3', '1,2', '1,3', '6,6', '6,6', '6,5', '1,6', '2,4']"
420848,white,14000,"['1,5', '1,0', '5,4', '5,1', '6,5', '6,5', '4,5', '0,2', '1,3', '1,3', '2,3', '2,1', '0,2', '5,4', '5,1', '6,2', '6,4', '1,0', '4,1', '4,1', '4,0', '4,2', '4,2', '5,2', '3,3', '3,3', '1,5', '4,5', '3,1', '4,5', '4,5', '1,5', '1,5', '2,5']"
420848,white,1710,"['3,5', '3,0', '3,1', '0,4', '3,0', '2,0', '2,0', '4,1', '2,2']"
420848,white,10950,"['6,5', '0,5', '3,5', '0,5', '0,4', '0,3', '1,1']"
420848,white,17648,"['2,5', '6,0', '4,1', '2,2', '2,2', '3,2', '4,3']"
420848,white,8232,"['5,6', '1,0', '2,1', '3,5', '2,4', '1,3', '3,3', '5,3']"
420848,blue,7246,"['0,3', '0,3', '0,2', '0,3', '1,3', '3,2', '2,2', '2,2', '0,2', '3,2', '3,5', '2,2', '3,2', '3,5', '2,2', '4,2', '3,2', '4,2', '3,3', '2,3', '2,2']"
420848,blue,10934,"['2,2', '2,2', '2,2', '2,2', '1,1', '6,1', '1,5', '2,3']"
420848,blue,17648,"['3,1', '4,4', '5,1', '4,3']"
420848,blue,8232,"['2,1', '4,1', '3,1', '4,6', '3,3', '4,6', '2,5']"
420848,blue,14000,"['2,1', '6,1', '6,4', '3,2']"
420848,blue,13565,"['2,1', '3,3', '4,5']"
420848,blue,10950,"['0,4', '5,4', '6,4', '6,0', '3,2', '1,1']"
420848,blue,1710,"['3,1', '3,4', '0,4', '1,2', '4,3']"
420848,blue,2290,"['1,3', '2,4', '6,3', '5,5']"
420848,blue,5663,"['4,4', '3,3', '0,0', '1,1', '4,0', '0,4', '1,3', '3,0', '2,0', '3,0', '2,4', '3,1', '4,1', '4,1', '3,0', '0,3']"
433912,white,13565,"['2,1', '1,1', '4,1', '3,2', '3,3', '3,5', '3,6', '5,3', '0,1', '3,4', '3,1']"
433912,white,17648,"['3,1', '4,1', '4,2', '4,3', '5,1', '3,4', '3,5', '6,1', '2,2']"
433912,white,7246,"['0,2', '1,2', '2,2', '3,2', '3,3', '2,3', '4,2', '4,3', '4,2', '4,3', '4,2', '1,6', '3,0', '2,5', '2,0', '3,1']"
433912,white,8232,"['2,1', '1,1', '5,1', '3,1', '3,5']"
433912,white,10950,"['0,1', '0,4', '1,1']"
433912,white,2290,"['0,4', '0,4', '1,4', '1,3', '6,6', '6,3', '2,4', '5,5', '4,2']"
433912,white,14000,"['6,4', '6,5', '4,1', '4,1', '4,2', '1,2', '3,4', '5,4', '3,3', '2,3', '6,4', '3,1']"
433912,white,5663,"['0,0', '4,0', '4,4', '0,4', '3,1', '5,0', '3,4']"
433912,white,10934,"['1,1', '6,1', '6,5', '1,5', '6,6', '6,3', '1,3', '6,6', '3,3', '3,3', '3,3', '2,1', '1,4', '4,4', '4,3', '4,2']"
433912,white,1710,"['0,1', '0,4', '3,4', '3,1', '2,2', '2,3', '1,3', '1,2', '1,0', '4,2', '2,5']"
433912,blue,13565,"['1,1', '2,1', '1,1', '1,1', '1,1', '2,1', '2,1', '3,2', '2,5', '4,1', '4,5', '3,4', '3,5', '5,1']"
433912,blue,17648,"['3,1', '4,1', '5,1', '4,2', '6,1', '2,1', '3,4']"
433912,blue,7246,"['0,2', '0,5', '0,6', '1,5']"
433912,blue,2290,"['1,3', '1,2', '0,3', '1,4', '6,2', '1,2', '1,5', '2,4', '2,3', '2,3', '2,3', '2,3', '1,4', '1,4', '2,3', '2,3', '2,3', '1,6', '6,3']"
433912,blue,8232,"['2,1', '2,0', '2,2', '1,1', '2,4', '2,4', '2,5', '2,3', '5,1', '5,1', '5,1', '3,1', '3,2']"
433912,blue,10950,"['0,0', '0,1', '0,5', '1,0', '0,4', '1,4', '4,0', '4,1', '6,4']"
433912,blue,10934,"['1,1', '0,0', '3,3', '4,3', '3,4', '4,4', '3,2']"
433912,blue,14000,"['2,1', '2,2', '3,2', '3,3', '4,2', '5,2', '6,1']"
433912,blue,5663,"['0,0', '1,0', '0,1', '1,1', '4,0', '1,3']"
433912,blue,1710,"['0,1', '3,1', '3,4', '2,2', '4,1']"
444369,white,13565,"['2,1', '2,2', '2,3', '3,2', '3,3', '2,0', '3,0', '5,1', '3,4']"
444369,white,17648,"['2,1', '3,0', '3,1', '2,1', '2,1', '4,1', '3,2', '3,3', '4,4', '2,4', '2,3', '2,2', '2,0', '2,1', '2,1', '2,2', '2,2', '2,3', '2,3', '2,4', '2,4', '3,1', '4,1', '4,1', '3,1', '4,2', '4,2', '4,2', '4,3', '3,2', '3,3', '4,4', '6,1']"
444369,white,8232,"['2,1', '4,1', '3,1']"
444369,white,10950,"['1,0', '3,0', '5,0', '0,0', '2,0', '4,0', '6,0', '0,4', '2,4', '4,4', '6,4', '6,2', '0,2', '1,1', '1,3']"
444369,white,7246,"['0,0', '0,1', '0,6', '0,2', '0,3', '0,5', '2,5', '2,2', '3,2', '3,5', '1,2', '1,5', '4,2']"
444369,white,2290,"['1,3', '1,6', '6,6', '6,3', '6,2']"
444369,white,14000,"['2,2', '2,3', '2,5', '2,2', '2,2', '2,1', '2,2', '2,2', '2,3', '2,3', '2,4', '2,5', '2,0', '2,5', '3,2', '5,2', '5,4']"
444369,white,1710,"['0,1', '3,1', '1,2', '1,3', '0,4', '3,4', '4,2', '1,0', '1,5']"
444369,white,10934,"['3,3', '4,3', '3,1', '3,5', '1,3', '6,3', '4,2']"
444369,white,5663,"['0,0', '0,4', '4,4', '4,0', '2,2', '2,3', '2,1', '1,2', '3,2', '0,5', '4,5', '5,4']"
444369,blue,10950,"['6,5', '6,6', '0,5', '0,6', '0,0', '0,4', '6,4', '6,0', '2,2', '1,3']"
444369,blue,2290,"['0,6', '1,2', '6,2', '0,3', '1,3', '1,6', '6,6', '6,3', '2,4']"
444369,blue,8232,"['0,1', '0,5', '1,5', '1,1', '5,1', '5,5', '3,6', '3,0', '2,1', '4,1', '4,5', '2,5', '3,1', '3,5', '3,3']"
444369,blue,13565,"['2,1', '4,1', '4,5', '2,5', '3,3', '3,2']"
444369,blue,17648,"['3,1', '5,1', '5,4', '3,4', '4,2']"
444369,blue,7246,"['0,2', '0,5', '2,5', '2,2', '1,2', '1,2', '1,2', '3,2', '3,5', '1,5', '4,2']"
444369,blue,5663,"['4,0', '3,0', '4,0', '4,0', '4,4', '0,4', '0,0', '1,1']"
444369,blue,14000,"['2,1', '6,1', '3,4', '5,4', '2,4', '6,4', '3,1', '5,1', '3,2', '5,3']"
444369,blue,1710,"['0,1', '0,4', '4,4', '4,4', '4,4', '3,4', '2,2']"
444369,blue,10934,"['6,1', '6,5', '4,3', '3,3', '1,3', '1,1', '1,5', '3,4']"
467853,white,10950,"['6,4', '3,5', '1,2', '0,1', '4,0']"
467853,white,14000,"['6,4', '4,0', '2,1', '2,5', '0,1', '4,3', '1,3']"
467853,white,10934,"['6,3', '2,1', '3,4', '1,5', '0,2', '3,0']"
467853,white,8232,"['2,1', '4,4', '2,5', '2,5', '3,5', '3,5', '4,5', '4,5', '1,3', '4,5', '5,3', '5,3', '5,1', '3,0', '2,2', '2,2', '3,3']"
467853,white,7246,"['3,5', '4,2', '0,2', '0,2', '2,3', '2,3', '2,2', '2,2', '2,5', '1,2', '1,1', '1,1', '0,5', '2,3']"
467853,white,17648,"['4,2', '5,1', '4,3', '3,4', '3,4', '3,2', '4,4']"
467853,white,13565,"['4,3', '2,1', '2,1', '2,2', '3,4', '4,1', '4,1', '3,1', '3,1', '2,4', '2,4', '2,5', '2,5', '3,5', '3,5', '3,1', '3,1', '4,4', '3,1']"
467853,white,2290,"['1,3', '6,3', '4,4', '3,2', '0,6', '0,6', '0,3', '1,6']"
467853,white,5663,"['0,0', '2,2', '2,2', '3,3', '3,3', '0,4', '0,4', '0,5', '0,5', '4,4', '4,4', '4,0', '4,0', '4,2', '4,2', '0,4', '0,4', '4,4', '2,0', '2,0', '3,0', '3,0', '5,0', '2,3', '1,0', '1,0', '0,3', '1,6', '1,5', '1,5', '3,5', '3,5', '3,0']"
467853,white,1710,"['2,3', '2,3', '0,1', '0,1', '0,2', '0,2', '0,3', '0,3', '0,4', '4,1', '4,1', '3,1', '3,1', '2,1', '2,1', '0,4', '2,3', '2,3', '4,3', '4,3', '3,3', '3,1', '3,1', '4,5', '1,2', '1,2', '0,1', '0,4', '0,4', '3,4', '3,4', '3,2', '4,5', '4,2', '4,2', '4,1', '1,2', '1,2', '1,3', '1,3', '2,3', '2,3', '2,2', '2,2', '2,4', '2,4', '3,2', '3,3', '3,3', '0,4', '1,3', '1,5']"
467853,blue,7246,"['0,5', '3,2', '1,4', '4,1']"
467853,blue,13565,"['2,1', '3,3', '4,5', '3,6', '4,3', '3,2']"
467853,blue,10950,"['6,4', '0,5', '3,0', '1,2']"
467853,blue,14000,"['6,1', '2,4']"
467853,blue,2290,"['1,3', '5,4', '4,6']"
467853,blue,17648,"['3,1', '4,3']"
467853,blue,8232,"['2,1', '3,5', '4,2', '1,3']"
467853,blue,5663,"['4,4', '2,0', '2,2', '0,2', '1,4']"
467853,blue,10934,"['1,1', '5,3', '6,3', '2,4', '4,3']"
467853,blue,1710,"['3,1', '3,1', '3,1', '3,1', '3,1', '0,4', '1,2']"
470513,white,17648,"['3,1', '5,4', '4,2', '4,5', '2,3', '6,2']"
470513,white,13565,"['2,3', '4,3', '3,1', '3,2', '1,3', '4,5', '4,6']"
470513,white,8232,"['2,1', '2,3', '2,2', '2,4', '4,2', '4,5', '3,2', '3,5', '5,1', '1,3']"
470513,white,5663,"['0,0', '4,4', '4,0', '0,4', '3,2', '1,5']"
470513,white,7246,"['3,2', '1,5', '0,2', '2,4', '0,5', '1,2', '4,4']"
470513,white,10950,"['0,0', '6,4', '1,0', '4,5', '1,1']"
470513,white,14000,"['6,1', '5,1', '3,3', '2,1', '5,3', '4,0']"
470513,white,1710,"['3,4', '3,1', '0,4', '0,1', '1,4', '2,2', '4,3', '1,5', '0,0']"
470513,white,10934,"['1,1', '6,5', '5,3', '4,3', '3,3', '3,5', '3,5', '3,5', '4,1', '1,3', '3,4', '6,3', '2,3', '3,1', '5,0']"
470513,white,2290,"['3,3', '6,6', '4,5', '2,5', '1,4']"
470513,blue,7246,"['0,5', '0,2', '1,2', '3,2']"
470513,blue,10950,"['0,0', '1,0', '1,1', '1,2', '1,3', '1,4', '6,0']"
470513,blue,13565,"['3,2', '3,4', '3,1']"
470513,blue,2290,"['2,4', '5,5', '5,3', '1,3', '0,4', '6,6', '2,6', '3,5', '4,5']"
470513,blue,8232,"['3,2', '2,2', '3,5', '3,2', '2,2', '2,2', '2,2', '2,1', '3,1', '3,6', '5,3', '3,3']"
470513,blue,17648,"['3,2', '3,1', '4,3']"
470513,blue,1710,"['0,2', '0,2', '0,1', '0,1', '0,2', '3,2', '3,4', '1,1']"
470513,blue,5663,"['0,0', '4,0', '4,4', '0,4', '3,3', '1,0', '1,0', '1,0', '4,1']"
470513,blue,14000,"['6,1', '2,3', '2,2', '4,3']"
470513,blue,10934,"['1,1', '1,1', '1,1', '1,1', '1,1', '1,1', '1,1', '5,3', '6,1', '6,5', '3,3']"
588130,white,1710,"['1,3', '0,1', '0,0', '0,4', '0,5', '4,4', '3,4']"
588130,white,5663,"['0,0', '4,4', '1,1', '1,6', '1,0', '5,0', '0,1', '0,1', '0,1', '1,5']"
588130,white,2290,"['1,3', '1,2', '6,6', '2,3', '2,4', '0,3']"
588130,white,10934,"['1,1', '0,1', '1,0', '1,6', '6,5', '3,3', '6,4', '5,3']"
588130,white,8232,"['2,1', '4,5', '2,2', '4,4', '4,6', '5,1', '1,1', '3,2', '3,0']"
588130,white,14000,"['2,1', '6,4', '6,5', '6,0']"
588130,white,10950,"['3,2', '2,3', '1,2', '2,5', '0,4', '6,4', '6,0']"
588130,white,7246,"['0,2', '0,3', '1,2', '1,1', '4,2', '3,2', '1,3', '1,6', '1,5']"
588130,white,13565,"['3,3', '3,4', '3,2', '2,1', '4,5', '5,3', '3,6', '3,0', '1,3']"
588130,white,17648,"['3,1', '5,4', '3,4', '4,2', '4,5', '2,3', '6,3', '4,0']"
588130,blue,10934,"['0,0', '1,1', '6,5', '3,3', '5,3']"
588130,blue,17648,"['3,1', '5,4', '4,2']"
588130,blue,10950,"['0,4', '6,0', '1,0', '1,1']"
588130,blue,13565,"['2,1', '4,5', '3,3']"
588130,blue,8232,"['2,1', '4,5', '2,2']"
588130,blue,7246,"['0,2', '3,5', '1,2', '1,3', '4,2']"
588130,blue,14000,"['2,1', '6,4']"
588130,blue,1710,"['0,1', '3,4', '1,2']"
588130,blue,2290,"['1,3', '6,6', '2,4', '5,5']"
588130,blue,5663,"['0,0', '4,4']"
632082,white,10950,"['6,5', '0,5', '0,6', '6,6', '6,0', '6,1', '3,2', '0,1', '0,1', '0,1', '0,3', '0,4', '1,3', '3,3', '1,1']"
632082,white,17648,"['3,4', '5,4', '5,1', '3,1', '4,1', '4,3', '4,4', '2,4', '6,4']"
632082,white,10934,"['4,3', '3,3', '1,0', '1,1', '6,1', '5,3', '2,3']"
632082,white,5663,"['0,5', '4,5', '3,3', '4,4', '0,4', '4,0', '0,0', '3,0']"
632082,white,14000,"['6,0', '6,5', '1,4', '1,1', '2,1', '1,2', '3,2', '2,2', '1,2', '3,3', '3,2', '3,3', '3,2', '4,2', '5,2', '2,4', '6,4', '6,3', '6,3', '6,2', '5,0', '5,0', '5,1']"
632082,white,2290,"['6,6', '1,6', '1,3', '6,3', '5,4']"
632082,white,13565,"['4,1', '4,5', '1,5', '1,5', '2,5', '2,1', '3,3', '3,4', '3,2', '2,4', '4,4', '1,3', '2,0', '2,6']"
632082,white,7246,"['4,1', '4,5', '3,2', '2,2', '2,3', '2,4', '2,5']"
632082,white,8232,"['4,3', '3,4', '2,3', '3,2', '3,3', '5,2', '1,2', '3,5', '3,5', '3,6', '3,0', '3,5', '2,4', '4,2', '4,1', '4,1', '4,1']"
632082,white,1710,"['0,1', '3,1', '2,2', '3,4', '0,4', '3,0', '4,2']"
632082,blue,10950,"['6,0', '5,1', '4,1', '5,2', '4,3', '3,1', '2,1', '1,1']"
632082,blue,7246,"['1,3', '0,3', '2,3', '3,3', '3,5', '3,2']"
632082,blue,14000,"['2,2', '2,4', '4,4', '3,2', '4,2', '5,2', '2,3']"
632082,blue,13565,"['3,2', '3,4', '2,2', '2,3', '2,4', '2,5', '3,5']"
632082,blue,1710,"['0,1', '3,1', '3,4', '1,3']"
632082,blue,17648,"['3,1', '3,4', '4,4', '4,3']"
632082,blue,5663,"['4,0', '4,4', '0,4']"
632082,blue,2290,"['1,6', '6,6', '6,3', '3,4', '5,4']"
632082,blue,8232,"['2,1', '2,2', '3,1', '4,2', '3,5', '3,4', '2,5', '4,5', '5,5', '1,5']"
632082,blue,10934,"['1,1', '4,3', '3,3', '6,1', '2,3']"
668956,white,17648,"['4,1', '4,3', '5,2']"
668956,white,14000,"['5,1', '2,2', '2,3', '4,3', '4,1', '5,2']"
668956,white,10934,"['5,2', '3,1', '2,4', '2,5', '3,3', '3,2', '6,4', '5,6', '0,3']"
668956,white,10950,"['4,4', '0,2', '3,3', '2,5', '2,3', '4,1']"
668956,white,7246,"['0,4', '2,2', '1,6', '4,4', '1,1']"
668956,white,13565,"['4,4', '2,1', '5,2', '2,0', '3,3', '1,5', '2,6', '1,2', '2,5']"
668956,white,1710,"['3,2', '1,0', '4,3', '1,4', '3,4', '4,4', '1,5', '2,3', '0,2', '2,1']"
668956,white,8232,"['4,4', '5,4', '2,6', '1,0', '4,0', '1,3', '1,3', '2,2', '3,3', '4,5', '2,1', '1,3']"
668956,white,5663,"['4,3', '1,4', '0,0', '5,1', '3,1']"
668956,white,2290,"['1,3', '3,6', '5,6', '4,5', '0,4', '3,2', '5,6', '5,6', '5,6', '6,4']"
668956,blue,17648,"['4,4', '2,2', '5,1', '4,2']"
668956,blue,5663,"['4,3', '2,0', '0,2', '3,4', '2,3', '2,5']"
668956,blue,8232,"['4,5', '2,1', '3,3']"
668956,blue,13565,"['3,4', '4,1', '2,5']"
668956,blue,10934,"['3,2', '1,5', '5,5', '6,4', '6,1', '4,3']"
668956,blue,14000,"['2,4', '3,1', '6,2', '6,3', '5,3']"
668956,blue,1710,"['3,4', '3,1', '0,1', '1,2']"
668956,blue,10950,"['6,4', '0,2', '2,0', '4,3', '3,5', '5,1']"
668956,blue,2290,"['1,3', '6,3', '4,6', '5,5']"
668956,blue,7246,"['3,4', '1,2', '0,5']"
694775,white,2290,"['3,4', '3,0', '4,3', '0,5', '3,5', '6,5']"
694775,white,13565,"['3,3', '4,3', '4,4', '3,0', '2,3', '3,6', '1,3', '4,1', '4,5']"
694775,white,14000,"['5,1', '5,2', '5,4', '3,2']"
694775,white,10934,"['4,3', '4,5', '4,1', '2,2', '3,4', '3,3']"
694775,white,8232,"['2,3', '4,3', '3,3', '3,5', '3,6', '3,1', '0,3', '5,3']"
694775,white,7246,"['2,2', '2,2', '2,2', '0,5', '1,2', '2,2', '1,2', '2,2', '1,2', '2,5', '2,5', '3,5', '2,6', '4,3', '4,3', '5,3', '2,3']"
694775,white,17648,"['4,1', '4,4', '4,2', '3,3', '3,3', '3,3', '2,3', '6,3']"
694775,white,5663,"['0,0', '0,0', '0,0', '1,0', '4,4', '0,4', '2,2', '2,6', '4,3', '3,2', '1,2']"
694775,white,10950,"['0,1', '6,3', '0,4', '6,0', '2,2', '3,2', '3,5', '4,1']"
694775,white,1710,"['1,1', '2,4', '4,3', '3,4', '2,3', '2,5', '2,0']"
694775,blue,10950,"['0,0', '6,4', '6,3', '6,3', '4,3', '3,3', '6,5', '6,5', '6,3', '6,2', '6,5']"
694775,blue,7246,"['0,1', '0,1', '0,2', '2,5', '1,3', '3,3', '4,3']"
694775,blue,10934,"['3,3', '5,3', '6,3', '6,2', '1,3']"
694775,blue,1710,"['1,5', '3,4', '0,1', '1,1', '2,3']"
694775,blue,8232,"['3,3', '3,4', '4,5', '4,1', '5,3']"
694775,blue,14000,"['2,1', '2,1', '2,1', '6,1', '6,4', '4,2']"
694775,blue,13565,"['3,3', '3,5', '3,1']"
694775,blue,2290,"['1,3', '6,6', '3,4', '4,5']"
694775,blue,17648,"['4,3', '4,4', '3,4', '2,3', '4,1']"
694775,blue,5663,"['0,0', '4,4', '3,0', '4,1', '2,1']"
700893,white,7246,"['0,2', '0,6', '3,2', '4,2', '0,1', '0,5', '2,2', '2,5', '1,2', '3,5', '4,2', '4,3', '4,2', '4,3', '1,5', '1,3']"
700893,white,17648,"['3,1', '3,4', '2,1', '6,4', '4,1', '4,2', '3,5']"
700893,white,10950,"['0,0', '0,4', '0,5', '6,5', '6,4', '1,4', '1,3']"
700893,white,14000,"['2,1', '6,4', '1,1', '2,5', '2,0', '3,2', '3,1']"
700893,white,8232,"['2,1', '2,5', '1,1', '2,0', '2,6', '2,2', '5,1', '4,5', '4,5', '4,5', '3,5', '3,1', '2,4', '5,1', '4,1', '4,1', '5,1', '4,1', '2,3', '4,3', '3,4']"
700893,white,13565,"['2,1', '2,5', '4,5', '4,1', '1,0', '1,0', '1,1', '2,0', '5,1', '4,6', '3,2', '3,4', '4,2', '4,2', '4,2']"
700893,white,2290,"['1,6', '1,6', '1,6', '1,3', '6,3', '6,6', '0,6', '1,2', '2,4']"
700893,white,1710,"['0,1', '3,4', '0,0', '0,5', '4,4', '1,2', '0,2']"
700893,white,5663,"['0,0', '0,0', '0,0', '0,4', '4,4', '4,0', '1,1', '0,1', '5,0', '1,3', '1,3', '3,4']"
700893,white,10934,"['1,1', '6,5', '6,1', '0,1', '1,6', '1,2', '1,0', '5,2']"
700893,blue,7246,"['1,1', '1,2', '1,3', '2,2', '2,2', '2,2', '2,2', '1,2', '2,2', '2,2', '1,5', '1,1', '1,1', '1,5', '1,3', '1,3', '1,3', '1,1', '2,2', '4,3', '2,2', '4,3', '0,0', '0,1', '0,2', '0,0', '0,0', '0,0', '0,1', '0,1', '0,1', '0,2', '0,1', '0,2', '0,2', '0,1', '0,1', '0,2', '0,2', '0,1', '0,1', '0,2', '0,2', '0,1', '6,1', '6,2', '6,2', '6,1', '1,1', '1,1', '0,1', '0,2', '0,3', '0,3', '0,2', '0,1', '0,2', '1,2', '2,2', '2,2', '5,2', '5,2', '5,1', '6,0', '5,1', '1,3', '0,3', '0,4', '1,4', '0,4', '1,4', '1,4', '1,4', '2,2', '2,2', '2,2', '2,3', '2,3', '2,3', '0,4', '2,4', '1,4', '1,5', '0,5', '2,5', '2,5', '2,5']"
700893,blue,13565,"['2,1', '2,2', '2,3', '2,4', '2,5', '3,2', '3,3', '3,4', '3,4', '3,1', '2,1', '3,1']"
700893,blue,17648,"['3,1', '3,2', '3,3', '3,3', '3,3', '3,4', '3,4', '3,4', '3,4', '4,1', '4,2', '4,3']"
700893,blue,10950,"['0,0', '2,0', '4,0', '1,0', '3,0', '3,0', '3,0', '0,1', '1,2', '1,1', '0,2', '6,0', '5,0', '0,3', '0,4']"
700893,blue,14000,"['6,1', '6,3', '4,1', '2,1', '2,1', '2,1', '2,2', '2,4', '3,1', '3,2']"
700893,blue,8232,"['2,1', '2,3', '2,5', '2,2', '4,1', '4,1', '3,1', '3,1', '2,1', '3,2', '3,2', '3,2', '2,1', '2,5', '2,4', '2,5', '2,5', '4,5', '3,1', '4,1', '4,5', '3,5', '4,5', '3,5', '2,5', '2,1', '3,1', '4,1', '2,2', '3,2', '3,2', '3,3', '2,3', '3,3', '3,2', '3,2', '2,4', '2,4', '2,5', '4,5', '2,4', '2,4', '2,4', '3,2', '2,1', '2,3', '2,5', '3,2', '3,2', '3,1', '3,1', '3,3', '3,3', '2,5', '2,3', '2,2', '3,1', '3,2', '2,3', '3,4', '2,5', '2,5', '4,3', '4,3', '4,4', '3,5', '3,5', '4,4', '3,3', '2,4', '4,5', '4,5', '4,1', '4,3', '4,5', '4,1', '3,1', '2,1', '2,2', '2,3', '2,4', '3,2', '3,3', '3,4', '4,5', '4,3', '2,1', '2,3', '2,5', '3,2', '3,2', '3,4', '3,6', '3,6', '2,0', '3,2', '3,2', '3,1']"
700893,blue,5663,"['0,0', '1,1', '4,4']"
700893,blue,2290,"['1,6', '1,3', '2,4', '0,3', '6,3']"
700893,blue,1710,"['0,1', '0,0', '3,4', '1,2']"
700893,blue,10934,"['1,1', '0,1', '1,0', '1,5', '6,5', '6,1', '3,3', '4,3', '5,5', '5,1', '1,3', '6,3', '5,5', '5,1', '2,1', '5,1', '5,5', '2,5', '1,4', '1,2', '6,2', '6,4', '3,1', '3,3', '4,3', '3,1', '2,1', '5,1', '5,5', '2,5', '1,3']"
724994,white,14000,"['6,1', '6,2', '1,1', '1,4', '3,2', '3,3', '5,3', '2,4', '2,4', '2,4', '2,5']"
724994,white,7246,"['0,2', '2,2', '2,5', '1,2', '3,2', '4,2', '3,6', '3,1', '2,3']"
724994,white,5663,"['4,4', '3,3', '0,0', '4,0', '4,1', '4,5']"
724994,white,10934,"['6,5', '5,5', '6,1', '1,1', '1,5', '3,3', '4,4']"
724994,white,13565,"['4,1', '2,5', '3,4', '3,2', '5,5', '1,1', '2,1', '4,5', '4,4', '4,0']"
724994,white,17648,"['3,1', '5,1', '4,1', '4,2', '5,5', '2,4', '6,1', '2,1', '5,0', '4,4']"
724994,white,8232,"['2,1', '4,1', '4,5', '3,1', '2,4', '4,4', '5,5', '4,0', '1,1', '3,2', '3,6']"
724994,white,10950,"['0,0', '0,1', '1,0', '1,1', '1,2', '0,5', '6,5', '6,4']"
724994,white,2290,"['6,3', '1,3', '1,6', '5,4', '2,5', '6,2', '0,3']"
724994,white,1710,"['0,1', '3,1', '3,4', '0,4', '4,1', '3,5', '2,2']"
724994,blue,8232,"['4,1', '2,1', '3,4', '2,5', '4,4', '4,6']"
724994,blue,10950,"['6,4', '5,2', '6,5', '1,4', '0,2', '0,0']"
724994,blue,2290,"['6,3', '1,3', '1,6', '5,4']"
724994,blue,13565,"['4,1', '2,5', '3,2']"
724994,blue,10934,"['6,1', '1,5', '4,3', '5,3']"
724994,blue,5663,"['4,4', '4,0', '0,4', '4,3', '3,3', '3,4']"
724994,blue,14000,"['6,1', '6,3', '6,2', '6,3', '5,2', '3,3', '6,5', '6,5', '6,4', '2,4', '2,1', '5,1']"
724994,blue,17648,"['4,1', '4,2', '4,4', '3,4', '6,4', '5,0', '2,1']"
724994,blue,7246,"['0,2', '3,5', '2,5', '4,4']"
724994,blue,1710,"['3,1', '0,4', '3,5', '4,4', '2,3', '2,3', '2,3', '2,3', '1,2']"
732410,white,17648,"['4,2', '3,4', '3,1', '5,5', '2,3', '6,0', '6,3']"
732410,white,14000,"['2,4', '1,5', '5,5', '1,2', '3,0', '6,4', '6,4', '6,3', '4,3', '4,3', '4,3', '5,1', '3,4', '2,1', '1,1']"
732410,white,2290,"['3,2', '1,4', '0,5', '6,6', '5,3', '3,3', '2,4']"
732410,white,10934,"['3,4', '4,3', '2,3', '1,1', '6,5', '3,2']"
732410,white,8232,"['2,1', '4,5', '2,4', '3,3', '4,1', '4,3', '1,3', '3,0', '5,2']"
732410,white,10950,"['0,4', '0,5', '6,4']"
732410,white,5663,"['0,4', '0,5', '0,0', '4,2', '3,2', '3,2', '4,1', '3,1', '3,1', '3,1', '1,4']"
732410,white,1710,"['3,4', '0,1', '1,2', '1,2', '2,3', '2,3', '2,3', '4,3', '3,5', '2,4']"
732410,white,13565,"['2,1', '2,4', '2,4', '3,2', '2,5', '1,2', '3,5']"
732410,white,7246,"['3,2', '3,1', '3,5', '3,6', '0,5', '4,4', '1,4', '1,4', '1,4']"
732410,blue,8232,"['4,5', '2,1', '5,5', '4,5', '4,5', '4,5', '4,5', '3,3']"
732410,blue,10934,"['1,1', '6,1', '6,5', '3,3', '2,3']"
732410,blue,2290,"['1,3', '6,3', '2,4', '2,6', '5,5']"
732410,blue,5663,"['4,4', '0,0', '3,4', '0,3', '3,3']"
732410,blue,13565,"['4,5', '2,1', '3,1', '3,2']"
732410,blue,7246,"['3,2', '0,2', '0,2', '0,5', '1,4']"
732410,blue,10950,"['0,4', '6,4', '5,0', '1,2']"
732410,blue,14000,"['2,4', '2,4', '2,4', '6,1', '5,4']"
732410,blue,17648,"['3,4', '5,1', '4,2']"
732410,blue,1710,"['3,4', '0,1', '1,2']"
733098,white,13565,"['3,2', '2,1', '2,2', '2,5', '4,5', '3,4', '3,5', '4,3', '3,1']"
733098,white,17648,"['3,1', '3,4', '5,4', '4,2', '4,2', '4,2', '4,4', '4,1', '5,1', '5,3', '3,3', '2,0']"
733098,white,14000,"['3,2', '5,3', '2,2', '2,4', '6,4', '6,2', '6,1', '2,1', '3,4']"
733098,white,5663,"['4,4', '0,4', '0,0', '4,0', '1,1', '1,3', '2,4', '2,0', '0,1', '3,0', '4,2']"
733098,white,1710,"['0,0', '0,5', '3,5', '3,4', '3,1', '0,1']"
733098,white,7246,"['3,5', '1,5', '0,2', '2,2', '3,2', '3,4', '3,1', '4,4', '1,3', '0,5', '2,5', '0,6']"
733098,white,2290,"['1,3', '6,3', '1,6', '2,4', '5,5', '0,3', '1,2']"
733098,white,10934,"['1,1', '1,5', '6,5', '6,1', '3,3', '4,3', '2,2', '2,3']"
733098,white,10950,"['0,0', '0,4', '2,4', '6,4', '6,0', '3,4', '1,2', '5,2', '1,1']"
733098,white,8232,"['2,1', '2,5', '4,5', '4,1', '2,2', '1,1', '2,0', '2,6', '3,3']"
733098,blue,17648,"['4,2', '3,1', '5,4']"
733098,blue,1710,"['0,4', '3,4', '0,1', '1,2']"
733098,blue,10950,"['0,0', '6,0', '6,4', '0,4', '1,1']"
733098,blue,13565,"['2,1', '4,5', '3,5', '3,3']"
733098,blue,2290,"['1,3', '6,3', '1,6', '2,4', '5,5']"
733098,blue,7246,"['0,2', '2,2', '3,2', '3,5', '1,5']"
733098,blue,5663,"['0,0', '0,0', '0,0', '4,0', '4,4', '0,4', '4,4', '0,3']"
733098,blue,10934,"['1,1', '6,1', '6,5', '3,4']"
733098,blue,14000,"['2,1', '6,1', '6,4', '2,4', '3,2', '3,2', '3,2']"
733098,blue,8232,"['2,1', '2,5', '2,5', '4,5', '3,5', '3,4', '3,4', '3,4', '3,4', '3,2', '2,6', '1,5']"
741162,white,14000,"['2,1', '6,4', '2,4', '2,4', '3,4', '5,1', '2,2', '6,2', '3,1', '2,4', '4,4', '6,1', '6,3', '2,3', '4,1', '5,4', '3,2', '2,5']"
741162,white,10950,"['0,1', '1,4', '5,0', '6,3', '6,4', '0,0', '4,0', '0,4', '6,0', '2,2', '0,5', '6,6']"
741162,white,2290,"['0,0', '0,6', '6,0', '6,2', '2,2', '1,2', '1,3', '6,3', '1,6', '6,6', '5,5']"
741162,white,8232,"['0,0', '6,6', '6,0', '0,6', '2,1', '3,5', '4,2', '2,0', '4,6', '6,3', '0,3', '0,3', '6,3', '5,3', '3,2', '1,3']"
741162,white,1710,"['0,0', '0,5', '4,3', '2,3', '2,2', '1,1', '2,0', '0,4']"
741162,white,7246,"['0,2', '3,5', '0,6', '1,1', '4,2', '1,4']"
741162,white,13565,"['1,1', '3,0', '2,6', '5,3', '2,2', '2,2', '2,2', '3,3', '1,3', '2,5']"
741162,white,17648,"['2,2', '4,0', '6,3', '4,5', '3,1', '4,1', '4,1', '4,1', '4,2', '5,4']"
741162,white,5663,"['0,0', '4,4', '0,4', '4,0', '0,4', '0,2', '4,0', '4,2', '2,2', '2,5', '2,4', '4,0', '3,3', '0,1', '1,1', '1,1', '0,1', '0,1', '0,1', '0,1']"
741162,white,10934,"['3,3', '0,3', '4,3', '6,5', '6,1', '6,3', '1,2', '2,3', '2,5', '2,6']"
741162,blue,1710,"['0,0', '0,5', '4,3', '3,0', '3,5', '2,3', '2,2', '0,2', '0,1', '1,2', '3,2', '1,0', '1,4']"
741162,blue,7246,"['0,1', '2,1', '4,3', '2,6', '0,2', '0,2', '0,2', '3,2', '1,3', '1,5']"
741162,blue,2290,"['0,4', '2,3', '2,3', '2,2', '4,2', '1,3', '6,6', '4,4']"
741162,blue,10934,"['1,1', '6,5', '4,3', '4,6', '4,0', '0,3', '3,3', '3,4']"
741162,blue,10950,"['0,0', '6,4', '3,0', '3,0', '3,0', '3,4', '3,5', '2,6', '0,5', '3,2', '3,1']"
741162,blue,14000,"['3,2', '5,3', '2,0', '1,2', '4,5', '2,2', '6,1']"
741162,blue,13565,"['2,3', '4,3', '3,5', '3,3', '3,0', '3,1']"
741162,blue,17648,"['3,1', '5,4', '3,3', '3,3', '4,3', '4,0']"
741162,blue,8232,"['2,1', '4,5', '4,2', '2,4', '2,4']"
741162,blue,5663,"['0,0', '4,4', '0,4', '0,4']"
742319,white,7246,"['1,4', '4,4', '2,4', '2,6', '2,1', '0,4', '3,4', '2,2', '1,3']"
742319,white,2290,"['4,4', '1,3', '6,6', '4,5', '0,3']"
742319,white,13565,"['2,3', '2,3', '2,3', '3,3', '4,3', '3,6', '1,3', '3,0', '2,1', '3,1', '3,5']"
742319,white,17648,"['3,1', '5,4', '4,1', '4,3', '3,5', '2,4', '6,4']"
742319,white,10950,"['0,4', '0,4', '0,4', '0,0', '6,0', '6,4', '5,4', '5,0', '4,0', '5,1']"
742319,white,5663,"['4,0', '3,1', '4,5', '5,3', '0,4', '0,4', '0,4', '4,4']"
742319,white,1710,"['3,1', '3,1', '3,1', '0,4', '4,1', '4,1', '3,0', '3,0', '2,0', '2,0', '0,0', '0,0', '4,4', '3,5', '4,4', '2,5', '2,5', '3,5', '3,4', '0,1', '4,4', '0,1', '3,0', '1,5', '3,4', '3,4']"
742319,white,10934,"['4,3', '3,3', '1,1', '6,5', '5,4', '2,2', '3,4', '4,2']"
742319,white,8232,"['2,1', '4,1', '3,1', '3,5']"
742319,white,14000,"['2,1', '2,3', '6,2', '6,4', '6,5', '1,2', '4,0', '6,2', '6,4', '6,5', '6,1', '6,1', '5,1', '5,1', '4,2', '4,3', '6,2', '6,2', '6,2', '6,4', '4,0', '6,2', '2,2', '2,4', '6,4', '2,5', '1,2', '6,1', '6,1', '6,0', '1,1', '6,5', '2,5', '2,0', '2,5', '1,1', '1,0', '1,0', '1,1', '5,1', '2,3', '4,3', '2,0', '6,5', '2,5', '2,5', '6,0', '6,0', '1,1']"
742319,blue,17648,"['4,1', '4,3', '3,1', '3,1', '3,1']"
742319,blue,10950,"['6,0', '6,1', '5,1', '5,1', '5,2', '5,1', '0,4', '5,1', '5,2', '5,2']"
742319,blue,8232,"['3,1', '2,1', '2,5']"
742319,blue,1710,"['0,1', '0,1', '0,1', '3,4', '1,2']"
742319,blue,13565,"['2,1', '3,2', '3,5']"
742319,blue,14000,"['2,1', '6,4', '5,1']"
742319,blue,2290,"['6,3', '2,5']"
742319,blue,5663,"['4,0', '4,0', '4,0', '0,4', '4,4', '0,4', '2,4', '0,0', '3,4', '2,4', '0,1', '2,2', '2,2', '3,1', '0,1', '3,4', '0,4', '0,4', '0,4', '0,1', '0,4']"
742319,blue,7246,"['2,2', '0,2', '1,5', '1,5', '1,5', '3,5', '2,1', '4,3', '3,5', '3,4', '4,3', '4,3']"
742319,blue,10934,"['4,3', '2,3', '6,5', '0,3', '4,0', '4,6', '6,1', '5,3', '3,3', '0,3', '4,0', '4,6', '4,3']"
769067,white,10950,"['0,0', '0,1', '1,1', '1,2', '1,4', '1,4', '6,4', '5,4', '5,4', '5,3', '0,4', '0,5']"
769067,white,2290,"['1,3', '2,4', '6,3', '5,4', '6,2']"
769067,white,8232,"['2,1', '2,2', '4,5', '5,5', '4,6', '1,1']"
769067,white,14000,"['2,1', '6,4', '6,5', '1,1', '3,1', '2,2', '2,2', '3,2']"
769067,white,7246,"['0,2', '0,5', '1,5', '2,5', '3,5', '4,5', '1,2', '1,3', '0,6', '0,1']"
769067,white,13565,"['2,1', '3,2', '3,4', '3,5', '3,6', '5,5', '1,5', '2,0']"
769067,white,5663,"['0,0', '4,4', '3,3', '4,3', '3,5', '3,4']"
769067,white,17648,"['5,1', '4,1', '4,2', '4,5', '3,1', '3,1', '3,1', '3,4', '5,4', '2,4']"
769067,white,10934,"['1,1', '1,5', '3,3', '6,5', '3,2']"
769067,white,1710,"['0,1', '3,4', '3,0', '3,1', '4,1']"
769067,blue,17648,"['3,1', '4,1', '4,2', '4,3']"
769067,blue,13565,"['2,1', '2,2', '3,2', '3,3', '3,4']"
769067,blue,5663,"['0,0', '4,0', '5,3', '5,4', '5,3', '5,5', '5,4', '4,4']"
769067,blue,7246,"['0,2', '1,2', '2,2', '3,2', '0,5', '1,5', '3,5', '4,5']"
769067,blue,10934,"['1,1', '6,1', '6,5', '4,3', '3,3', '2,2']"
769067,blue,2290,"['1,6', '6,6', '5,5', '5,4']"
769067,blue,1710,"['0,1', '3,1', '3,4', '2,3']"
769067,blue,10950,"['0,0', '0,1', '1,1', '1,2', '6,4']"
769067,blue,14000,"['2,1', '2,2', '6,4']"
769067,blue,8232,"['2,1', '2,2', '4,5', '3,4']"
794545,white,2290,"['1,3', '2,4', '2,5', '1,2', '6,3']"
794545,white,14000,"['2,1', '2,4', '6,4', '1,1', '2,5']"
794545,white,10950,"['0,4', '6,4', '6,5', '0,3', '2,3', '1,3']"
794545,white,10934,"['1,1', '6,5', '3,3', '4,3', '2,2', '4,6', '3,2', '3,2', '3,2', '2,3']"
794545,white,7246,"['0,2', '0,5', '1,2', '3,2', '4,2', '1,4', '1,6', '0,1']"
794545,white,1710,"['0,1', '0,4', '3,4', '3,1', '5,3', '2,5']"
794545,white,5663,"['0,0', '4,4', '3,5', '3,3', '4,5', '4,3', '3,4']"
794545,white,8232,"['2,1', '2,2', '2,5', '4,5', '3,4', '3,2', '4,6', '1,1']"
794545,white,13565,"['2,1', '4,5', '3,3', '1,3', '5,3']"
794545,white,17648,"['3,1', '5,1', '4,1', '4,2', '2,2', '3,5', '6,2']"
794545,blue,8232,"['2,1', '2,5', '2,2', '2,0', '3,3']"
794545,blue,10934,"['1,1', '6,1', '6,5', '1,2', '3,3']"
794545,blue,17648,"['3,2', '3,2', '2,1', '2,1', '3,1', '4,2', '4,4']"
794545,blue,1710,"['0,1', '3,4', '2,3', '0,2', '4,4']"
794545,blue,2290,"['1,3', '6,3', '2,5']"
794545,blue,13565,"['2,1', '4,5', '3,2', '3,1']"
794545,blue,5663,"['4,4', '3,3', '0,0', '1,0']"
794545,blue,14000,"['2,1', '6,4', '3,1', '6,5']"
794545,blue,7246,"['0,2', '0,5', '1,3', '3,3']"
794545,blue,10950,"['6,4', '0,0', '1,1']"
802029,white,14000,"['2,1', '6,4', '6,4', '2,1', '6,2', '6,2', '2,2', '6,1', '6,4', '6,4', '4,4', '2,1', '2,2', '4,4', '6,4', '2,4', '4,3', '4,3', '3,4', '6,2', '5,1', '4,1', '2,2', '4,4', '4,4', '6,4', '6,3', '6,2', '6,2', '6,1', '6,2', '6,3', '5,1', '4,1', '2,1', '2,2', '2,5', '2,4', '3,4', '3,5', '2,5', '3,5', '3,2', '2,1', '2,1', '2,1', '6,4', '3,2', '6,1', '2,4', '5,2', '5,2', '4,2', '4,2', '4,3', '2,4', '4,3', '1,2', '5,3', '2,4', '2,4', '2,4', '4,5', '4,4', '2,2', '4,0', '4,1', '4,1', '4,1', '3,1']"
802029,white,7246,"['0,2', '2,2', '3,5', '4,5', '3,6', '2,1', '1,4']"
802029,white,10950,"['0,0', '0,0', '0,0', '6,4', '6,4', '6,4', '1,4', '1,5']"
802029,white,1710,"['0,1', '0,1', '0,1', '3,4', '4,4', '1,2', '1,6', '1,6', '1,5', '1,4', '1,4', '1,4', '0,3', '0,3', '1,2', '1,4', '3,4', '1,4', '3,4', '2,2']"
802029,white,13565,"['2,1', '4,5', '3,3', '1,0', '5,6', '3,0', '4,1', '2,5', '4,1', '5,6', '2,5', '1,0', '3,0', '4,5', '3,3', '2,1', '2,1', '2,5', '2,5', '4,5', '3,3', '3,3', '3,4', '3,4', '3,5', '3,5', '3,2', '2,1', '4,1', '4,5', '4,1', '4,1', '2,5', '2,5', '4,1', '4,1', '2,5', '2,5', '3,5', '1,5', '5,5']"
802029,white,5663,"['0,0', '0,0', '0,0', '4,4', '5,5', '5,5', '5,4', '5,4', '3,3', '1,1', '1,1', '3,3', '4,4', '0,0', '4,0', '0,4', '1,3', '1,3', '2,2', '2,2', '1,1', '1,1', '0,5', '0,5', '3,3', '5,3', '5,3', '5,5', '5,5', '4,5']"
802029,white,2290,"['1,3', '1,3', '1,3', '6,6', '3,4', '5,5', '0,2', '2,2', '0,5']"
802029,white,10934,"['1,1', '3,2', '3,2', '3,3', '4,3', '4,3', '6,5', '3,3', '4,3', '6,5', '2,3', '2,3', '6,5', '2,3', '3,4']"
802029,white,17648,"['3,1', '5,4', '4,2', '4,2', '4,2', '4,3', '4,3', '5,1', '5,1', '2,4', '6,0', '4,0']"
802029,white,8232,"['3,4', '3,4', '3,4', '2,1', '2,2', '2,2', '4,3', '4,3', '4,4', '3,4', '2,5', '2,5', '2,5', '2,5', '4,4', '2,1', '4,1', '2,5', '3,3', '1,5', '2,6', '2,6', '5,5']"
802029,blue,17648,"['4,2', '5,4', '5,4', '5,4', '5,4', '5,1', '4,3']"
802029,blue,2290,"['6,3', '5,4', '2,4', '2,5']"
802029,blue,13565,"['2,1', '3,2', '3,4']"
802029,blue,1710,"['0,1', '0,1', '0,1', '3,4', '2,3']"
802029,blue,8232,"['2,1', '4,4', '3,3', '4,4', '4,5']"
802029,blue,10934,"['1,1', '6,5', '5,4']"
802029,blue,14000,"['2,1', '6,4']"
802029,blue,7246,"['0,2', '3,2', '2,5', '1,3']"
802029,blue,5663,"['0,0', '4,4', '4,1', '4,4', '4,1', '0,0', '0,3', '4,0', '0,3', '0,4', '0,4', '0,3', '0,4', '0,4', '2,4', '2,4', '1,4']"
802029,blue,10950,"['0,0', '0,0', '0,0', '0,0', '0,0', '1,1', '1,1', '6,4', '3,2', '6,4', '5,4', '6,2', '6,2', '3,2', '5,4', '0,0', '6,0', '1,3', '1,3', '1,4', '3,2', '6,4', '6,4', '6,4', '2,4', '1,4', '2,4', '6,4', '1,3', '1,3', '1,3']"
818468,white,17648,"['4,1', '4,4', '4,5', '4,0', '5,1', '3,1', '2,1', '6,1', '5,4', '6,4', '3,4', '3,4', '2,4', '3,4', '4,2']"
818468,white,13565,"['2,1', '2,0', '1,1', '5,1', '3,6', '3,6', '2,6', '2,6', '2,5', '2,5', '2,6', '2,5', '4,5', '3,2']"
818468,white,1710,"['0,1', '3,1', '0,4', '3,4', '4,1', '2,2']"
818468,white,10934,"['3,3', '4,3', '5,3', '2,3', '2,3', '1,3', '1,1', '6,1', '6,5', '1,5', '1,3', '1,4', '3,4']"
818468,white,10950,"['0,0', '0,1', '6,0', '6,1', '1,1']"
818468,white,2290,"['1,3', '1,2', '6,3', '6,4', '5,4', '0,3', '1,6']"
818468,white,5663,"['0,0', '1,1', '3,3', '4,4', '4,0', '4,0', '3,5', '3,5', '4,5', '0,4', '1,4', '5,3', '4,3']"
818468,white,7246,"['0,2', '1,2', '3,5', '4,5', '2,5', '2,5', '2,5', '2,4', '2,1', '0,6']"
818468,white,14000,"['2,1', '3,1', '2,2', '3,2', '3,3', '5,3', '5,1', '5,1', '5,2', '6,2', '6,2', '6,1', '6,5']"
818468,white,8232,"['2,1', '2,1', '2,1', '2,2', '1,1', '1,1', '0,1', '1,0', '5,1', '5,0', '4,6', '4,0', '4,1', '4,1', '2,1', '1,1', '1,1', '2,1', '0,1', '1,1', '1,1', '1,1', '3,2', '4,5']"
818468,blue,10950,"['0,0', '0,3', '0,4', '6,4', '1,1']"
818468,blue,17648,"['3,1', '3,4', '4,4', '4,1', '4,3']"
818468,blue,10934,"['1,1', '6,1', '6,4', '6,4', '6,5', '1,4', '1,4', '2,4']"
818468,blue,1710,"['0,1', '3,4', '2,2']"
818468,blue,14000,"['2,1', '2,2', '6,4']"
818468,blue,13565,"['2,1', '2,1', '2,1', '4,5', '3,4']"
818468,blue,2290,"['1,3', '6,6', '2,4', '5,5']"
818468,blue,7246,"['0,2', '0,2', '0,2', '3,5', '3,2', '1,3']"
818468,blue,5663,"['0,0', '4,4', '4,3', '3,4', '3,3', '1,3']"
818468,blue,8232,"['2,1', '3,1', '4,5', '3,5', '2,5', '4,1', '4,1', '1,1']"
854760,blue,8232,"['4,1', '2,4', '4,3', '3,2']"
854760,blue,13565,"['2,1', '4,5', '3,3']"
854760,blue,5663,"['0,0', '4,4']"
854760,blue,17648,"['4,1', '4,4', '3,3', '5,3', '4,2']"
854760,blue,2290,"['1,3', '6,3', '3,6', '3,4', '4,5']"
854760,blue,7246,"['1,2', '3,5', '0,5']"
890850,white,17648,"['3,1', '4,1', '5,1', '4,2', '4,3', '4,4', '3,2', '5,2']"
890850,white,14000,"['2,1', '4,1', '6,1', '2,2', '2,4', '3,4']"
890850,white,10934,"['1,1', '2,1', '3,1', '6,1', '5,3', '6,5', '1,5', '2,3', '1,2', '3,4', '3,2', '4,2', '4,4', '1,4', '1,3', '4,1', '5,1', '2,5', '3,5', '6,4', '6,2', '6,3', '4,5', '5,5', '5,4', '5,2', '2,2', '2,4', '1,5', '2,5', '3,5', '4,5', '5,5', '6,5', '6,4', '5,4', '4,4', '3,4', '2,4', '2,3', '1,3', '1,4', '1,2', '1,1', '2,1', '2,2', '3,2', '3,1', '4,1', '4,2', '5,2', '5,3', '6,2', '6,3', '6,1', '5,1', '1,1', '1,5', '6,5', '6,1', '2,1', '2,5', '2,3', '5,3', '1,2', '2,3', '5,3', '3,5', '4,5', '5,5', '6,4', '6,3', '6,2', '5,1', '4,1', '3,1', '1,3', '1,4', '1,5', '2,5', '3,5', '4,5', '5,5', '6,5', '6,4', '6,3', '6,2', '6,1', '5,1', '4,1', '3,1', '2,1', '1,1', '1,2', '1,3', '1,4', '1,1', '1,5', '6,5', '6,1', '1,2', '3,3', '4,3', '3,2', '3,4', '2,3']"
890850,white,8232,"['2,1', '2,3', '2,5', '2,2', '2,4', '5,3', '1,3', '0,3', '2,6', '2,0']"
890850,white,10950,"['0,0', '0,2', '0,4', '0,5', '0,6', '0,1', '0,1', '0,1', '0,3', '1,1']"
890850,white,5663,"['0,0', '0,1', '1,4', '4,2', '4,2', '4,0', '3,1', '4,1']"
890850,white,13565,"['3,2', '2,1', '2,5', '4,5', '4,4', '4,1', '4,1', '2,6', '2,0', '1,1']"
890850,white,7246,"['0,2', '0,3', '0,4', '0,5', '1,2', '0,1', '0,6']"
890850,white,2290,"['1,3', '1,4', '1,5', '1,6', '6,3', '6,4', '6,5', '6,6', '1,2']"
890850,white,1710,"['0,0', '0,5', '4,4', '4,1', '0,1', '0,2', '1,2', '3,4']"
890850,blue,10950,"['0,1', '0,3', '0,5', '0,6', '0,6', '0,0', '1,1', '1,3', '6,4']"
890850,blue,17648,"['3,1', '3,4', '4,1', '4,2']"
890850,blue,2290,"['1,3', '1,6', '6,3', '2,4', '2,5']"
890850,blue,8232,"['2,1', '2,3', '2,5', '3,1', '3,5', '3,3']"
890850,blue,13565,"['2,1', '4,5', '3,2']"
890850,blue,1710,"['0,1', '3,4', '1,2']"
890850,blue,7246,"['0,2', '2,2', '2,2', '0,2', '0,2', '2,2', '1,2', '3,2', '3,5', '1,4']"
890850,blue,5663,"['0,0', '4,4', '1,4', '0,1', '1,1']"
890850,blue,10934,"['1,1', '6,5', '3,3', '4,3', '5,4']"
890850,blue,14000,"['2,1', '2,3', '6,1', '2,4']"
911783,white,8232,"['2,1', '2,5', '4,2', '4,4', '3,0', '1,3', '5,3', '3,2']"
911783,white,17648,"['5,1', '3,1', '5,4', '4,1', '2,1', '6,1', '4,2', '5,5']"
911783,white,13565,"['4,1', '2,5', '3,4', '2,1', '3,6', '1,3', '4,4']"
911783,white,7246,"['3,2', '0,2', '2,6', '0,5', '3,5', '4,3', '4,5', '1,3']"
911783,white,10934,"['6,5', '6,1', '1,1', '1,5', '4,3', '0,1', '2,3', '3,2']"
911783,white,5663,"['0,0', '2,2', '0,5', '4,4', '4,1', '1,4', '3,1']"
911783,white,2290,"['6,3', '1,6', '3,2', '0,3', '2,4']"
911783,white,10950,"['0,0', '6,4', '0,3', '4,5', '1,1']"
911783,white,1710,"['0,1', '3,4', '0,4', '4,3', '2,2', '2,2', '2,2', '2,0', '3,3', '2,5']"
911783,white,14000,"['2,1', '2,4', '6,4', '6,1', '4,0', '4,3', '4,5', '3,6', '1,3', '0,2']"
911783,blue,5663,"['0,0', '4,4', '0,4', '4,1', '3,1', '3,0']"
911783,blue,10950,"['0,0', '6,4', '0,3', '2,1']"
911783,blue,13565,"['2,1', '4,5', '3,2']"
911783,blue,1710,"['0,1', '3,4', '2,3']"
911783,blue,14000,"['2,1', '6,4']"
911783,blue,10934,"['1,1', '6,5', '4,2']"
911783,blue,2290,"['1,3', '6,6', '2,4', '0,3']"
911783,blue,17648,"['3,1', '5,4', '4,4', '4,3']"
911783,blue,7246,"['0,2', '2,5', '3,2', '1,4', '4,4']"
911783,blue,8232,"['2,1', '4,5', '2,4']"
927631,white,2290,"['1,3', '1,2', '5,5', '0,3']"
927631,white,10950,"['0,0', '6,0', '1,2']"
927631,white,14000,"['2,1', '6,4', '3,2', '5,3', '5,6', '1,1', '2,5', '2,0']"
927631,white,1710,"['0,1', '3,4', '0,0', '3,5', '4,3', '6,3', '2,2']"
927631,white,17648,"['3,1', '5,4', '4,2', '4,5', '2,2', '6,2']"
927631,white,10934,"['1,1', '6,1', '6,5', '3,2', '3,3', '4,3', '3,4', '2,3']"
927631,white,5663,"['0,0', '4,4', '0,4', '4,0', '0,5', '1,1', '4,1', '1,0']"
927631,white,13565,"['2,1', '2,5', '3,5', '3,3', '1,1', '2,0', '5,3']"
927631,white,7246,"['0,2', '3,5', '4,5', '3,6', '1,3', '1,1']"
927631,white,8232,"['2,1', '4,1', '3,3', '1,1', '3,6', '5,1', '2,0']"
927631,blue,10950,"['0,0', '0,1', '1,1', '0,2', '0,6', '0,5', '6,0', '6,4']"
927631,blue,5663,"['0,0', '4,0', '4,4', '0,4', '1,0', '0,5', '1,1', '0,1']"
927631,blue,17648,"['2,1', '2,1', '3,1', '4,2', '3,4']"
927631,blue,10934,"['1,1', '6,5', '3,3', '4,3', '6,1', '5,3']"
927631,blue,14000,"['2,1', '2,4', '6,4', '3,1']"
927631,blue,13565,"['2,1', '3,4']"
927631,blue,7246,"['0,2', '3,5', '1,4']"
927631,blue,8232,"['2,1', '3,5', '3,4']"
927631,blue,2290,"['1,3', '2,4', '5,5']"
927631,blue,1710,"['0,1', '3,4', '3,1', '1,2']"
936355,white,5663,"['0,0', '4,0', '4,4', '0,4', '2,2', '3,1', '2,5', '1,6', '5,2', '6,0', '2,4', '2,0', '0,2', '4,2', '4,3']"
936355,white,17648,"['0,0', '2,3', '0,6', '6,0', '6,6', '3,1', '3,4', '5,1', '5,4', '5,3', '3,3', '4,1', '4,4']"
936355,white,13565,"['2,1', '4,1', '4,5', '2,5', '3,2', '3,4', '6,0', '2,3', '4,3', '3,1', '3,0', '3,6']"
936355,white,1710,"['0,1', '3,1', '3,4', '2,0', '0,4', '2,5', '2,2', '4,1', '4,1', '4,1', '4,1', '3,1', '3,1', '4,1']"
936355,white,10950,"['0,0', '6,0', '1,0', '1,1', '3,5', '0,4']"
936355,white,8232,"['2,1', '4,5', '3,1', '4,1', '5,1', '1,1', '3,3', '3,6']"
936355,white,10934,"['1,1', '6,1', '6,5', '1,5', '2,3', '5,3', '3,0', '3,6', '3,3', '4,3', '4,3', '4,3', '4,3']"
936355,white,14000,"['2,1', '6,1', '6,4', '2,4', '1,3', '3,2', '5,3', '5,1']"
936355,white,7246,"['0,2', '3,2', '3,5', '0,5', '2,2', '1,1', '1,6', '2,5', '1,3', '4,3']"
936355,white,2290,"['1,3', '1,6', '6,3', '6,6', '5,4', '2,4', '6,3', '6,3', '6,3', '6,2', '1,3', '1,3', '6,2', '6,2', '6,2', '6,3', '1,2', '0,5']"
936355,blue,17648,"['3,1', '5,1', '5,4', '3,4', '4,1', '4,1', '4,1', '4,2']"
936355,blue,13565,"['2,1', '4,1', '4,5', '2,5', '3,3']"
936355,blue,8232,"['2,1', '4,1', '4,1', '4,1', '2,1', '2,1', '2,5', '4,5', '3,5']"
936355,blue,10934,"['1,1', '6,1', '6,5', '1,5', '4,3']"
936355,blue,7246,"['0,2', '0,5', '3,2', '3,5']"
936355,blue,2290,"['1,3', '6,3', '6,6', '1,6', '2,4', '5,4']"
936355,blue,1710,"['0,1', '3,4', '3,1', '0,4']"
936355,blue,10950,"['0,0', '6,0', '6,4', '0,4', '1,0', '1,2']"
936355,blue,14000,"['2,1', '6,1', '6,4', '2,4']"
936355,blue,5663,"['0,0', '4,0', '4,4', '0,4', '0,2', '0,2', '0,2', '0,2', '0,2', '0,2', '2,2', '2,1', '4,2', '0,2', '1,1', '1,1', '1,1', '1,1', '0,1']"
972855,white,10950,"['6,5', '0,5', '0,4', '0,0', '3,2', '0,1', '6,1', '5,3']"
972855,white,7246,"['0,2', '2,5', '3,2', '1,3', '1,6', '4,4', '0,1']"
972855,white,17648,"['2,5', '6,0', '5,1', '3,4', '4,3', '2,2', '5,5']"
972855,white,2290,"['6,6', '6,3', '1,3', '1,6', '6,2', '0,2', '0,6', '5,5']"
972855,white,5663,"['0,0', '0,4', '4,2', '3,2', '4,5', '4,3', '3,4']"
972855,white,10934,"['6,3', '6,5', '1,5', '1,1', '3,2', '3,3', '3,4', '0,3']"
972855,white,14000,"['6,1', '2,1']"
972855,white,8232,"['4,2', '2,4', '3,5', '2,1', '3,6', '2,0', '5,3']"
972855,white,1710,"['0,1', '3,1', '3,4', '4,3', '2,5', '2,0', '2,2']"
972855,white,13565,"['2,1', '3,5', '3,3', '3,4', '5,5', '3,0', '1,3']"
972855,blue,5663,"['4,4', '0,0']"
972855,blue,1710,"['3,4', '0,1', '2,2']"
972855,blue,10950,"['0,4', '6,4', '6,0', '4,2', '3,2', '2,1']"
972855,blue,14000,"['2,1', '6,1', '5,4', '2,4', '4,3']"
972855,blue,7246,"['3,2', '1,5', '2,4', '0,4', '4,4']"
972855,blue,8232,"['2,1', '4,1', '4,5', '4,4', '3,3']"
972855,blue,2290,"['1,3', '1,6', '2,5', '5,5']"
972855,blue,13565,"['2,5', '4,1', '3,4']"
972855,blue,17648,"['4,4', '4,3', '3,4', '5,1']"
972855,blue,10934,"['1,5', '6,1', '5,3']"
981506,white,8232,"['3,3', '2,1', '4,3', '2,5', '1,1', '3,0', '4,5', '5,6', '4,6', '5,3']"
981506,white,5663,"['0,0', '4,4', '2,2', '1,1', '0,1', '4,3', '3,4']"
981506,white,14000,"['2,1', '6,1', '6,4', '2,4', '3,2', '1,0', '4,0', '1,2', '4,5', '4,6', '0,2']"
981506,white,10934,"['1,3', '3,3', '6,3', '5,3', '4,2', '4,3']"
981506,white,2290,"['1,6', '0,6', '6,6', '5,4', '6,3', '6,2']"
981506,white,10950,"['0,5', '6,6', '0,2', '1,1', '0,1', '0,4', '5,5', '6,4']"
981506,white,7246,"['0,5', '0,1', '0,6', '4,6', '3,5', '4,5', '2,3', '1,2']"
981506,white,13565,"['2,1', '3,2', '3,0', '4,6', '1,6', '0,6', '0,3', '2,5', '4,5', '5,1', '1,1', '2,2']"
981506,white,17648,"['3,1', '3,0', '0,3', '6,3', '4,2', '4,3']"
981506,white,1710,"['0,1', '0,2', '3,4', '3,3', '0,5', '3,1', '1,2', '0,0', '4,2']"
981506,blue,10934,"['1,1', '3,3', '6,1', '6,1', '1,1', '1,1', '6,5', '4,3', '2,2']"
981506,blue,5663,"['0,0', '4,4']"
981506,blue,1710,"['0,1', '3,4', '2,3']"
981506,blue,7246,"['0,2', '2,2', '1,5', '3,5']"
981506,blue,17648,"['3,1', '4,4', '4,3']"
981506,blue,8232,"['2,1', '2,2', '3,1', '2,5', '3,3', '4,1', '4,5', '4,3', '2,6']"
981506,blue,14000,"['2,1', '6,4', '6,4', '6,4', '5,1', '2,4', '3,2']"
981506,blue,2290,"['1,3', '6,6', '5,5']"
981506,blue,13565,"['2,1', '4,5', '3,2']"
981506,blue,10950,"['0,0', '0,0', '0,0', '6,4', '2,1']"
